<?xml version="1.0"?>
<!DOCTYPE presentation SYSTEM "jabberpoint.dtd">
<presentation>
	<showtitle>XML-Based Presentation for Jabberpoint</showtitle>
	<slide>
		<title>JabberPoint XML-Demo</title>
		<item kind="text"  level="1">Welcome to JabberPoint</item>
		<item kind="text"  level="2">Copyright (c) 1996-2000 Ian Darwin</item>
		<item kind="text"  level="2">Rewritten by</item>
		<item kind="text"  level="2">Gert Florijn, Mark van Elswijk, Marc Evers</item>
		<item kind="text"  level="2">and Sylvia Stuurman</item>
		<item kind="text"  level="1">Navigation:</item>
		<item kind="text"  level="2">Next slide: PgDn or Enter</item>
		<item kind="text"  level="2">Previous slide: PgUp or up-arrow</item>
		<item kind="text"  level="2">Quit: q or Q</item>
	</slide>
	<slide>
		<title>An almost empty slide</title>
		<item kind="text"  level="1"> </item>
	</slide>
	<slide>
		<title>Background</title>
		<item kind="text"  level="1">Jabberpoint is originally an exercise for the</item>
		<item kind="text"  level="1">course Design patterns of the Open university</item>
		<item kind="text"  level="1">but is also used for the course OO1 of the NHL-Stenden university of applied sciences</item>
		<item kind="text"  level="1"> </item>
		<item kind="image"  level="2">logo-woordmerk_ou.gif</item>
		<item kind="image"  level="2">logo_nhlstenden.jpg</item>
		<item kind="text"  level="1"> </item>
		<item kind="text"  level="1">The exercise is developed by the SERC</item>
		<item kind="text"  level="1">in collaboration with the Open university </item>
		<item kind="text"  level="1"> </item>
		<item kind="image"  level="2">serclogo_fc.jpg</item>
	</slide>
	<slide>
		<title>JabberPoint: Levels and styles</title>
		<item kind="text"  level="1">Level 1</item>
		<item kind="text"  level="2">Level 2</item>
		<item kind="text"  level="1">A Jabberful Point</item>
		<item kind="text"  level="2">Level 2 has style 2</item>
		<item kind="text"  level="3">This is the style of level 3</item>
		<item kind="text"  level="4">And this level 4</item>
	</slide>
	<slide>
		<title>Last slide</title>
		<item kind="text"  level="1">Navigation can also be done via the menu</item>
		<item kind="text"  level="2">Load a presentation: File->Open</item>
		<item kind="text"  level="1"> </item>
		<item kind="text"  level="1">This is the end of the presentation.</item>
		<item kind="image"  level="1">JabberPoint.jpg</item>
		<item kind="text"  level="1">Goodbye.</item>
	</slide>
</presentation>
